slug,provider,offer,actionButtons,kycLevel,paymentMethods,bannedCountries,aggregator,auditsPerformed,deliveryType,tag
alchemy-pay,,!offer:alchemy-pay,"[""[Website](https://alchemypay.org/)""]",,,,,,,
banxa,,!offer:banxa,"[""[Website](https://banxa.com/)"",""[Docs](https://docs.banxa.com/products/hosted-checkout/docs/reference/supported-cryptocurrencies-and-blockchains)""]",,,"[""AF"",""CU"",""IR"",""KP"",""SY"",""PR"",""GB"",""US"",""VI""]",,,,
btcdirect,,!offer:btcdirect,"[""[Website](https://btcdirect.eu/en-eu)""]",,,,,,,
finchpay,,!offer:finchpay,"[""[Website](https://finchpay.io/)""]",,,,,,,
meld,,!offer:meld,"[""[Website](https://www.meld.io/)""]",,,,,,,
mercuryo,,!offer:mercuryo,"[""[Website](https://mercuryo.io/)""]",,,,,,,
moonpay,,!offer:moonpay,"[""[Website](https://www.moonpay.com/buy/algo)""]",,,,,,,
onramp-money,,!offer:onramp-money,"[""[Website](https://onramp.money/)"",""[Docs](https://docs.onramp.money/onramp)""]",,,,,,,
onramper,,!offer:onramper,"[""[Website](https://onramper.com/)""]",,,,,,,
ramp-network,,!offer:ramp-network,"[""[Website](https://rampnetwork.com/)""]",,,,,,,
switchere,,!offer:switchere,"[""[Website](https://switchere.com/)""]",,,,,,,
topper,,!offer:topper,"[""[Website](https://www.topperpay.com/)""]",,,,,,,
trans-fi,,!offer:trans-fi,"[""[Website](https://www.transfi.com/products/ramp)"",""[Docs](https://ramp-docs.transfi.com/docs/onramp)""]",,,,,,,
transak,,!offer:transak,"[""[Website](https://transak.com/buy/algo)""]",,,,,,,
